RowId,Speed_Diff
1,Low
2,None
3,Medium
4,High
5,Very_High
6,Low
7,None
8,Low
9,None
10,Low
11,Very_High
12,Low
13,None
14,Very_High
15,Medium
16,Medium
17,Low
18,Low
19,None
20,None
21,Low
22,Low
23,High
24,None
25,None
26,High
27,None
28,None
29,Low
30,Medium
31,High
32,None
33,Medium
34,None
35,High
36,Medium
37,None
38,Very_High
39,None
40,Medium
41,Medium
42,High
43,None
44,Medium
45,None
46,None
47,None
48,Low
49,High
50,High
51,High
52,High
53,Low
54,High
55,Low
56,Low
57,Very_High
58,None
59,None
60,Medium
61,High
62,Low
63,None
64,Very_High
65,Low
66,None
67,Low
68,High
69,High
70,High
71,None
72,None
73,Medium
74,None
75,Medium
76,Low
77,None
78,Medium
79,Medium
80,Medium
81,Medium
82,None
83,None
84,Medium
85,Medium
86,None
87,None
88,None
89,Medium
90,None
91,Very_High
92,None
93,Very_High
94,None
95,High
96,High
97,None
98,None
99,High
100,Medium
101,None
102,None
103,Low
104,Very_High
105,High
106,High
107,None
108,None
109,Medium
110,Medium
111,None
112,Medium
113,None
114,Medium
115,Medium
116,Low
117,None
118,Low
119,Medium
120,None
121,Low
122,Low
123,Medium
124,None
125,None
126,Low
127,Low
128,High
129,Low
130,Medium
131,Very_High
132,None
133,None
134,None
135,Medium
136,Low
137,Low
138,None
139,None
140,Low
141,High
142,Medium
143,None
144,Low
145,None
146,Very_High
147,None
148,None
149,None
150,None
151,Medium
152,Medium
153,Low
154,Low
155,None
156,Medium
157,High
158,None
159,Medium
160,Medium
161,High
162,High
163,None
164,Medium
165,Medium
166,Medium
167,Medium
168,None
169,None
170,High
171,Medium
172,None
173,Medium
174,None
175,Medium
176,Low
177,Low
178,None
179,None
180,Low
181,None
182,Low
183,High
184,Medium
185,None
186,High
187,Low
188,None
189,Very_High
190,None
191,Very_High
192,Very_High
193,Medium
194,Medium
195,High
196,None
197,Low
198,None
199,High
200,Very_High
201,None
202,None
203,High
204,Medium
205,Medium
206,High
207,Medium
208,None
209,None
210,Medium
211,Medium
212,Medium
213,Medium
214,Low
215,Medium
216,Medium
217,Low
218,Low
219,Medium
220,None
221,Medium
222,None
223,None
224,Very_High
225,None
226,Very_High
227,None
228,High
229,Low
230,None
231,None
232,None
233,None
234,Low
235,None
236,Low
237,Low
238,Medium
239,High
240,None
241,None
242,Medium
243,None
244,None
245,Low
246,Low
247,High
248,None
249,Very_High
250,Very_High
251,High
252,High
253,Medium
254,None
255,High
256,None
257,None
258,Medium
259,None
260,High
261,Medium
262,None
263,Medium
264,None
265,None
266,None
267,High
268,None
269,Medium
270,Medium
271,Low
272,Medium
273,High
274,Low
275,Medium
276,Low
277,Low
278,Low
279,Medium
280,None
281,None
282,High
283,Medium
284,Low
285,Medium
286,High
287,Medium
288,None
289,Low
290,None
291,Medium
292,None
293,High
294,Low
295,High
296,Low
297,High
298,Medium
299,None
300,None
301,None
302,High
303,Medium
304,None
305,Medium
306,Medium
307,Medium
308,Medium
309,None
310,Medium
311,None
312,Low
313,None
314,High
315,Low
316,None
317,None
318,High
319,High
320,Low
321,Very_High
322,Medium
323,Medium
324,None
325,Low
326,Medium
327,Very_High
328,None
329,Low
330,Medium
331,None
332,None
333,None
334,None
335,Medium
336,Medium
337,Medium
338,High
339,Very_High
340,Low
341,Medium
342,Medium
343,None
344,None
345,None
346,Low
347,Low
348,None
349,Medium
350,None
351,Low
352,None
353,High
354,High
355,None
356,None
357,High
358,Medium
359,Medium
360,None
361,Low
362,Very_High
363,None
364,Very_High
365,Very_High
366,Medium
367,Medium
368,Low
369,Medium
370,None
371,Low
372,None
373,Low
374,High
375,High
376,Medium
377,None
378,High
379,None
380,Very_High
381,Medium
382,None
383,Low
384,Medium
385,Medium
386,None
387,High
388,None
389,Medium
390,Medium
391,Medium
392,None
393,Medium
394,High
395,High
396,None
397,Medium
398,None
399,None
400,None
401,Low
402,Low
403,Low
404,Medium
405,Low
406,None
407,None
408,Low
409,None
410,None
411,High
412,None
413,None
414,Low
415,Medium
416,None
417,None
418,Medium
419,Medium
420,None
421,None
422,None
423,High
424,None
425,High
426,Very_High
427,High
428,Low
429,Medium
430,Low
431,None
432,Medium
433,None
434,Medium
435,None
436,High
437,None
438,Low
439,Low
440,None
441,Very_High
442,None
443,None
444,Low
445,High
446,Low
447,Low
448,Low
449,Medium
450,None
451,Medium
452,High
453,Low
454,Low
455,High
456,High
457,High
458,High
459,Low
460,High
461,Low
462,Medium
463,Very_High
464,None
465,High
466,High
467,None
468,Medium
469,Medium
470,High
471,Medium
472,High
473,Medium
474,High
475,None
476,Low
477,Low
478,None
479,Medium
480,None
481,None
482,Low
483,None
484,None
485,Low
486,Low
487,High
488,Low
489,Medium
490,Medium
491,None
492,Low
493,None
494,None
495,None
496,Very_High
497,None
498,Very_High
499,Medium
500,Medium
501,None
502,Very_High
503,High
504,Low
505,Medium
506,High
507,None
508,High
509,None
510,Low
511,Medium
512,None
513,None
514,Medium
515,High
516,Medium
517,Low
518,None
519,Very_High
520,None
521,None
522,High
523,High
524,High
525,High
526,High
527,None
528,Very_High
529,Medium
530,Low
531,Medium
532,Medium
533,None
534,Medium
535,Medium
536,None
537,Medium
538,High
539,Low
540,Medium
541,Low
542,None
543,High
544,None
545,Low
546,Low
547,Low
548,High
549,None
550,Medium
551,None
552,Medium
553,Very_High
554,Low
555,None
556,Low
557,Low
558,None
559,Low
560,Low
561,None
562,None
563,None
564,Medium
565,None
566,None
567,None
568,Low
569,None
570,High
571,None
572,High
573,High
574,None
575,High
576,Low
577,Very_High
578,Very_High
579,Medium
580,None
581,None
582,None
583,High
584,None
585,High
586,High
587,High
588,High
589,Medium
590,None
591,None
592,Medium
593,None
594,None
595,None
596,None
597,Low
598,High
599,None
600,Medium
601,None
602,Very_High
603,None
604,None
605,Low
606,None
607,Low
608,Low
609,None
610,Medium
611,High
612,None
613,None
614,High
615,Medium
616,High
617,None
618,Medium
619,None
620,None
621,Low
622,None
623,None
624,Low
625,High
626,High
627,None
628,None
629,Low
630,Low
631,High
632,High
633,Medium
634,Low
635,Low
636,Low
637,None
638,None
639,None
640,None
641,Medium
642,None
643,None
644,None
645,Medium
646,None
647,None
648,None
649,Low
650,None
651,None
652,Low
653,None
654,Low
655,Medium
656,None
657,None
658,None
659,Very_High
660,High
661,Very_High
662,None
663,None
664,None
665,Low
666,Medium
667,None
668,None
669,Medium
670,None
671,Medium
672,Medium
673,Medium
674,Medium
675,None
676,Low
677,Low
678,Medium
679,None
680,Medium
681,High
682,None
683,Very_High
684,Low
685,Low
686,None
687,Medium
688,None
689,Medium
690,None
691,Low
692,None
693,Medium
694,Low
695,None
696,Low
697,Medium
698,High
699,Medium
700,None
701,Low
702,Medium
703,None
704,None
705,None
706,Medium
707,None
708,Medium
709,Low
710,High
711,None
712,Very_High
713,None
714,None
715,Low
716,Medium
717,Medium
718,None
719,None
720,Low
721,None
722,Medium
723,None
724,High
725,None
726,None
727,None
728,None
729,None
730,Medium
731,None
732,Very_High
733,None
734,Low
735,Medium
736,Medium
737,None
738,None
739,None
740,None
741,Low
742,Low
743,Medium
744,Medium
745,None
746,Medium
747,Medium
748,High
749,High
750,Low
751,Medium
752,None
753,Low
754,Medium
755,None
756,Low
757,None
758,None
759,Low
760,Medium
761,Medium
762,Low
763,None
764,None
765,None
766,None
767,None
768,None
769,None
770,Medium
771,None
772,Medium
773,Low
774,Medium
775,None
776,High
777,High
778,High
779,None
780,None
781,High
782,High
783,Medium
784,Medium
785,None
786,None
787,Medium
788,High
789,None
790,None
791,Very_High
792,None
793,Medium
794,Low
795,None
796,None
797,Medium
798,Medium
799,None
800,None
801,Medium
802,Medium
803,High
804,Low
805,Medium
806,None
807,Medium
808,Low
809,Low
810,Medium
811,Very_High
812,None
813,Medium
814,None
815,None
816,None
817,None
818,Low
819,Low
820,Low
821,Medium
822,None
823,High
824,None
825,High
826,Medium
827,Low
828,Low
829,Low
830,High
831,High
832,Low
833,Medium
834,Low
835,Very_High
836,None
837,None
838,Low
839,Medium
840,Medium
841,Medium
842,Medium
843,None
844,High
845,None
846,Very_High
847,None
848,None
849,High
850,None
851,Low
852,Medium
853,Medium
854,Medium
855,Low
856,Low
857,Low
858,High
859,None
860,Low
861,Low
862,High
863,Medium
864,Low
865,Very_High
866,Medium
867,Medium
868,High
869,None
870,Low
871,High
872,Very_High
873,None
874,High
875,None
876,Medium
877,None
878,Medium
879,High
880,High
881,High
882,None
883,Medium
884,Medium
885,None
886,None
887,High
888,Low
889,Medium
890,Very_High
891,Medium
892,None
893,High
894,Low
895,None
896,Low
897,None
898,None
899,High
900,High
901,Very_High
902,Medium
903,None
904,High
905,None
906,High
907,High
908,None
909,Very_High
910,Low
911,Low
912,None
913,High
914,None
915,High
916,Low
917,High
918,Medium
919,High
920,None
921,None
922,High
923,None
924,None
925,None
926,None
927,Medium
928,Medium
929,Medium
930,Very_High
931,None
932,Medium
933,Medium
934,None
935,None
936,Medium
937,Medium
938,High
939,Medium
940,Medium
941,Medium
942,Low
943,Medium
944,High
945,None
946,Medium
947,High
948,Low
949,None
950,Medium
951,High
952,None
953,High
954,Medium
955,Medium
956,Medium
957,Medium
958,High
959,High
960,None
961,Very_High
962,Medium
963,Medium
964,None
965,High
966,Low
967,None
968,None
969,Medium
970,Very_High
971,Medium
972,None
973,None
974,Medium
975,Low
976,Low
977,None
978,None
979,Low
980,High
981,Low
982,High
983,Medium
984,Low
985,High
986,High
987,None
988,Very_High
989,None
990,None
991,Low
992,None
993,Medium
994,Low
995,Medium
996,Very_High
997,None
998,None
999,Very_High
1000,Very_High
1001,High
1002,Medium
1003,High
1004,None
1005,Low
1006,Low
1007,Medium
1008,None
1009,None
1010,Medium
1011,None
1012,Low
1013,None
1014,Medium
1015,Medium
1016,Very_High
1017,None
1018,High
1019,None
1020,Medium
1021,Medium
1022,Medium
1023,Low
1024,Very_High
1025,None
1026,Medium
1027,Medium
1028,Low
1029,Low
1030,Low
1031,Low
1032,Low
1033,High
1034,None
1035,Low
1036,None
1037,Low
1038,Medium
1039,None
1040,High
1041,None
1042,None
1043,None
1044,Medium
1045,None
1046,Medium
1047,Medium
1048,Very_High
1049,Medium
1050,High
1051,Low
1052,None
1053,None
1054,None
1055,None
1056,Medium
1057,None
1058,Very_High
1059,High
1060,High
1061,Medium
1062,None
1063,Medium
1064,None
1065,Very_High
1066,Low
1067,High
1068,None
1069,High
1070,Medium
1071,High
1072,Medium
1073,Low
1074,None
1075,None
1076,Medium
1077,Medium
1078,Low
1079,None
1080,Low
1081,Medium
1082,High
1083,None
1084,Low
1085,Low
1086,None
1087,High
1088,None
1089,Low
1090,Low
1091,None
1092,Low
1093,Medium
1094,High
1095,None
1096,Low
1097,Medium
1098,Medium
1099,Medium
1100,None
1101,Medium
1102,Medium
1103,Low
1104,Very_High
1105,Low
1106,Medium
1107,Medium
1108,High
1109,Low
1110,Medium
1111,Medium
1112,Low
1113,Low
1114,Low
1115,Medium
1116,None
1117,Medium
1118,None
1119,None
1120,None
1121,Low
1122,Medium
1123,Medium
1124,None
1125,None
1126,Medium
1127,None
1128,None
1129,High
1130,None
1131,High
1132,None
1133,Medium
1134,None
1135,High
1136,None
1137,Low
1138,None
1139,None
1140,Very_High
1141,None
1142,None
1143,Low
1144,Medium
1145,None
1146,Low
1147,High
1148,Low
1149,None
1150,Medium
1151,High
1152,Medium
1153,Low
1154,High
1155,Medium
1156,Low
1157,Low
1158,Very_High
1159,Low
1160,None
1161,None
1162,High
1163,None
1164,Low
1165,Medium
1166,Low
1167,Low
1168,Low
1169,None
1170,Medium
1171,High
1172,High
1173,Low
1174,High
1175,None
1176,Low
1177,Medium
1178,Low
1179,High
1180,High
1181,Low
1182,Medium
1183,Very_High
1184,Low
1185,None
1186,Low
1187,High
1188,None
1189,Medium
1190,None
1191,None
1192,None
1193,Low
1194,Low
1195,None
1196,None
1197,None
1198,None
1199,None
1200,None
1201,None
1202,Low
1203,Low
1204,Medium
1205,None
1206,Medium
1207,Medium
1208,None
1209,High
1210,High
1211,Very_High
1212,Low
1213,Low
1214,Low
1215,Low
1216,None
1217,High
1218,Medium
1219,None
1220,None
1221,None
1222,None
1223,Low
1224,None
1225,Low
1226,Low
1227,Low
1228,Medium
1229,Low
1230,None
1231,None
1232,Medium
1233,None
1234,None
1235,High
1236,High
1237,Medium
1238,High
1239,None
1240,None
1241,None
1242,Low
1243,Low
1244,High
1245,Medium
1246,Medium
1247,Very_High
1248,Medium
1249,None
1250,None
1251,Low
1252,Medium
1253,None
1254,High
1255,None
1256,High
1257,Low
1258,High
1259,None
1260,None
1261,Medium
1262,Low
1263,None
1264,None
1265,Medium
1266,Medium
1267,High
1268,Very_High
1269,High
1270,None
1271,Low
1272,Low
1273,High
1274,High
1275,None
1276,None
1277,Medium
1278,Medium
1279,None
1280,High
1281,Medium
1282,High
1283,High
1284,None
1285,High
1286,None
1287,None
1288,High
1289,Medium
1290,Low
1291,None
1292,Low
1293,Medium
1294,Low
1295,None
1296,None
1297,Medium
1298,Medium
1299,None
1300,High
1301,None
1302,Medium
1303,High
1304,Medium
1305,None
1306,Low
1307,High
1308,Very_High
1309,Medium
1310,None
1311,None
1312,High
1313,None
1314,High
1315,None
1316,High
1317,None
1318,Medium
1319,Low
1320,None
1321,High
1322,None
1323,High
1324,High
1325,None
1326,None
1327,Very_High
1328,None
1329,High
1330,Medium
1331,None
1332,Medium
1333,High
1334,Medium
1335,Low
1336,Low
1337,High
1338,Medium
1339,Low
1340,None
1341,Medium
1342,Medium
1343,None
1344,Medium
1345,None
1346,None
1347,Medium
1348,Low
1349,Low
1350,High
1351,High
1352,None
1353,None
1354,Medium
1355,High
1356,Low
1357,None
1358,Low
1359,High
1360,High
1361,None
1362,Medium
1363,None
1364,Low
1365,None
1366,High
1367,Very_High
1368,Medium
1369,None
1370,None
1371,Very_High
1372,None
1373,High
1374,High
1375,Medium
1376,Medium
1377,Medium
1378,Medium
1379,High
1380,Low
1381,Medium
1382,None
1383,Medium
1384,Low
1385,Medium
1386,Medium
1387,None
1388,Low
1389,Medium
1390,Low
1391,Medium
1392,Medium
1393,Medium
1394,Low
1395,Medium
1396,Low
1397,None
1398,Medium
1399,None
1400,Medium
1401,Very_High
1402,None
1403,None
1404,High
1405,High
1406,High
1407,High
1408,High
1409,Low
1410,Low
1411,None
1412,Low
1413,High
1414,Low
1415,Medium
1416,None
1417,High
1418,None
1419,None
1420,Medium
1421,High
1422,None
1423,None
1424,High
1425,None
1426,Medium
1427,None
1428,Low
1429,Low
1430,High
1431,None
1432,Low
1433,None
1434,Low
1435,Medium
1436,None
1437,None
1438,Medium
1439,None
1440,Very_High
1441,None
1442,High
1443,Low
1444,None
1445,Low
1446,None
1447,Medium
1448,Very_High
1449,Medium
1450,Low
1451,Low
1452,Medium
1453,Very_High
1454,None
1455,High
1456,Very_High
1457,Medium
1458,None
1459,None
1460,Low
1461,Medium
1462,Very_High
1463,None
1464,Very_High
1465,Low
1466,None
1467,Medium
1468,None
1469,None
1470,None
1471,None
1472,Low
1473,None
1474,High
1475,None
1476,Medium
1477,None
1478,None
1479,None
1480,Low
1481,Medium
1482,High
1483,Low
1484,Low
1485,Very_High
1486,None
1487,Low
1488,Low
1489,None
1490,High
1491,Medium
1492,Low
1493,None
1494,None
1495,Low
1496,None
1497,Medium
1498,None
1499,None
1500,None
1501,Medium
1502,High
1503,None
1504,Low
1505,Low
1506,None
1507,Medium
1508,None
1509,High
1510,Low
1511,None
1512,None
1513,High
1514,None
1515,Very_High
1516,High
1517,Medium
1518,None
1519,Low
1520,Medium
1521,None
1522,None
1523,None
1524,None
1525,Medium
1526,High
1527,None
1528,Low
1529,None
1530,Medium
1531,None
1532,Very_High
1533,Medium
1534,Low
1535,None
1536,High
1537,High
1538,High
1539,High
1540,Medium
1541,High
1542,Medium
1543,None
1544,High
1545,None
1546,None
1547,None
1548,High
1549,None
1550,High
1551,None
1552,Medium
1553,Medium
1554,Low
1555,Medium
1556,None
1557,None
1558,Low
1559,High
1560,Very_High
1561,None
1562,Low
1563,Very_High
1564,Low
1565,None
1566,None
1567,None
1568,High
1569,Low
1570,Very_High
1571,Medium
1572,None
1573,Medium
1574,Very_High
1575,None
1576,None
1577,Low
1578,None
1579,Low
1580,Medium
1581,Medium
1582,Low
1583,Low
1584,High
1585,High
1586,High
1587,Low
1588,Very_High
1589,Low
1590,Medium
1591,High
1592,Low
1593,None
1594,High
1595,Very_High
1596,Medium
1597,None
1598,High
1599,None
1600,Low
1601,None
1602,None
1603,Low
1604,None
1605,Medium
1606,Medium
1607,Medium
1608,None
1609,None
1610,Medium
1611,High
1612,Low
1613,Medium
1614,High
1615,Medium
1616,None
1617,None
1618,High
1619,Medium
1620,None
1621,None
1622,Low
1623,Medium
1624,Very_High
1625,High
1626,Medium
1627,Low
1628,Medium
1629,Very_High
1630,None
1631,Low
1632,None
1633,None
1634,High
1635,High
1636,None
1637,Very_High
1638,None
1639,None
1640,Low
1641,High
1642,High
1643,None
1644,Low
1645,Low
1646,None
1647,High
1648,Medium
1649,High
1650,Medium
1651,None
1652,None
1653,Medium
1654,None
1655,Medium
1656,High
1657,Medium
1658,Medium
1659,Medium
1660,High
1661,Medium
1662,Medium
1663,None
1664,None
1665,High
1666,Medium
1667,None
1668,Medium
1669,None
1670,None
1671,High
1672,Very_High
1673,High
1674,High
1675,High
1676,None
1677,Very_High
1678,None
1679,Medium
1680,Medium
1681,Low
1682,Low
1683,Medium
1684,Medium
1685,Medium
1686,Very_High
1687,Low
1688,High
1689,None
1690,Very_High
1691,High
1692,None
1693,Very_High
1694,Medium
1695,None
1696,Low
1697,Low
1698,Medium
1699,Medium
1700,Medium
1701,None
1702,High
1703,Medium
